{"scope.version":"2","timeline.animationMode":"quickMode","viewport.width":300,"viewport.height":600,"design.userpaddingleft":-422,"design.userpaddingtop":-600,"stage.mask":false,"design.scrollleft":0,"design.scrolltop":522.4000244140625,"library.openDirectories":[],"library.GroupsPath":{},"library.downloadedAssets":{},"design.zoom":0.5,"timeline.previewRanges":{},"tool.text.optionsState":{"fontName":"Poppins","fontSize":"11px","fontWeight":"600","fontStyle":"normal","letterSpacing":"0px","lineHeight":"13.2px","alignLeft":false,"alignCenter":true,"alignRight":false,"alignJustify":false,"verticalAlignCenter":false,"foreColor":"rgb(255, 255, 255)","tagName":"span","orderedList":false,"unorderedList":false},"timeline.loopPreview":false}